Name,P1,P2,P3,r/d,D/d,k
1,2.5,55,21.99254227,0.05,1.1,2.199254227
2,2.535,55.19,23.1358435,0.0507,1.1038,2.31358435
3,2.57,55.38,22.9897485,0.0514,1.1076,2.29897485
4,2.605,55.57,22.1458855,0.0521,1.1114,2.21458855
5,2.64,55.76,24.995756,0.0528,1.1152,2.4995756
6,2.675,55.95,23.198828,0.0535,1.119,2.3198828
7,2.71,56.14,23.7707195,0.0542,1.1228,2.37707195
8,2.745,56.33,23.708241,0.0549,1.1266,2.3708241
9,2.78,56.52,22.848195,0.0556,1.1304,2.2848195
10,2.815,56.71,26.961052,0.0563,1.1342,2.6961052
11,2.85,56.9,22.417806,0.057,1.138,2.2417806
12,2.885,57.09,24.128403,0.0577,1.1418,2.4128403
13,2.92,57.28,26.2427785,0.0584,1.1456,2.62427785
14,2.955,57.47,22.53875,0.0591,1.1494,2.253875
15,2.99,57.66,22.5953135,0.0598,1.1532,2.25953135
16,3.025,57.85,25.611787,0.0605,1.157,2.5611787
17,3.06,58.04,25.4979635,0.0612,1.1608,2.54979635
18,3.095,58.23,23.509133,0.0619,1.1646,2.3509133
19,3.13,58.42,23.2337065,0.0626,1.1684,2.32337065
20,3.165,58.61,25.759386,0.0633,1.1722,2.5759386
21,3.2,58.8,24.682108,0.064,1.176,2.4682108
22,3.235,58.99,24.7586725,0.0647,1.1798,2.47586725
23,3.27,59.18,26.0420155,0.0654,1.1836,2.60420155
24,3.305,59.37,24.50812,0.0661,1.1874,2.450812
25,3.34,59.56,25.888958,0.0668,1.1912,2.5888958
26,3.375,59.75,24.786355,0.0675,1.195,2.4786355
27,3.41,59.94,24.7025915,0.0682,1.1988,2.47025915
28,3.445,60.13,26.8217445,0.0689,1.2026,2.68217445
29,3.48,60.32,25.9009755,0.0696,1.2064,2.59009755
30,3.515,60.51,24.7273875,0.0703,1.2102,2.47273875
31,3.55,60.7,24.610019,0.071,1.214,2.4610019
32,3.585,60.89,27.3199495,0.0717,1.2178,2.73199495
33,3.62,61.08,26.690108,0.0724,1.2216,2.6690108
34,3.655,61.27,25.9027815,0.0731,1.2254,2.59027815
35,3.69,61.46,25.2024875,0.0738,1.2292,2.52024875
36,3.725,61.65,25.878495,0.0745,1.233,2.5878495
37,3.76,61.84,25.13341,0.0752,1.2368,2.513341
38,3.795,62.03,23.472886,0.0759,1.2406,2.3472886
39,3.83,62.22,24.137029,0.0766,1.2444,2.4137029
40,3.865,62.41,25.2177625,0.0773,1.2482,2.52177625
41,3.9,62.6,25.357485,0.078,1.252,2.5357485
42,3.935,62.79,25.501715,0.0787,1.2558,2.5501715
43,3.97,62.98,24.916041,0.0794,1.2596,2.4916041
44,4.005,63.17,24.0566935,0.0801,1.2634,2.40566935
45,4.04,63.36,24.8752335,0.0808,1.2672,2.48752335
46,4.075,63.55,25.636721,0.0815,1.271,2.5636721
47,4.11,63.74,26.0684215,0.0822,1.2748,2.60684215
48,4.145,63.93,24.9437855,0.0829,1.2786,2.49437855
49,4.18,64.12,24.7907135,0.0836,1.2824,2.47907135
50,4.215,64.31,25.097552,0.0843,1.2862,2.5097552
51,4.25,64.5,26.827812,0.085,1.29,2.6827812
52,4.285,64.69,24.4386265,0.0857,1.2938,2.44386265
53,4.32,64.88,24.7157535,0.0864,1.2976,2.47157535
54,4.355,65.07,24.7761705,0.0871,1.3014,2.47761705
55,4.39,65.26,24.2131695,0.0878,1.3052,2.42131695
56,4.425,65.45,23.7534765,0.0885,1.309,2.37534765
57,4.46,65.64,24.937052,0.0892,1.3128,2.4937052
58,4.495,65.83,26.5763385,0.0899,1.3166,2.65763385
59,4.53,66.02,25.118698,0.0906,1.3204,2.5118698
60,4.565,66.21,25.653443,0.0913,1.3242,2.5653443
61,4.6,66.4,24.258447,0.092,1.328,2.4258447
62,4.635,66.59,25.239344,0.0927,1.3318,2.5239344
63,4.67,66.78,24.6392135,0.0934,1.3356,2.46392135
64,4.705,66.97,25.5608765,0.0941,1.3394,2.55608765
65,4.74,67.16,24.226418,0.0948,1.3432,2.4226418
66,4.775,67.35,24.5199275,0.0955,1.347,2.45199275
67,4.81,67.54,24.520702,0.0962,1.3508,2.4520702
68,4.845,67.73,23.9582885,0.0969,1.3546,2.39582885
69,4.88,67.92,25.489178,0.0976,1.3584,2.5489178
70,4.915,68.11,23.968606,0.0983,1.3622,2.3968606
71,4.95,68.3,24.778798,0.099,1.366,2.4778798
72,4.985,68.49,24.565522,0.0997,1.3698,2.4565522
73,5.02,68.68,23.98013,0.1004,1.3736,2.398013
74,5.055,68.87,25.4383805,0.1011,1.3774,2.54383805
75,5.09,69.06,25.4665455,0.1018,1.3812,2.54665455
76,5.125,69.25,23.418762,0.1025,1.385,2.3418762
77,5.16,69.44,25.4083725,0.1032,1.3888,2.54083725
78,5.195,69.63,23.6061805,0.1039,1.3926,2.36061805
79,5.23,69.82,25.5663925,0.1046,1.3964,2.55663925
80,5.265,70.01,25.443931,0.1053,1.4002,2.5443931
81,5.3,70.2,24.6799505,0.106,1.404,2.46799505
82,5.335,70.39,25.164355,0.1067,1.4078,2.5164355
83,5.37,70.58,24.9856255,0.1074,1.4116,2.49856255
84,5.405,70.77,24.3122815,0.1081,1.4154,2.43122815
85,5.44,70.96,24.188697,0.1088,1.4192,2.4188697
86,5.475,71.15,24.313709,0.1095,1.423,2.4313709
87,5.51,71.34,25.536542,0.1102,1.4268,2.5536542
88,5.545,71.53,23.68226,0.1109,1.4306,2.368226
89,5.58,71.72,24.2975155,0.1116,1.4344,2.42975155
90,5.615,71.91,25.3620385,0.1123,1.4382,2.53620385
91,5.65,72.1,24.03847,0.113,1.442,2.403847
92,5.685,72.29,24.3090605,0.1137,1.4458,2.43090605
93,5.72,72.48,23.580928,0.1144,1.4496,2.3580928
94,5.755,72.67,23.9549835,0.1151,1.4534,2.39549835
95,5.79,72.86,24.3449875,0.1158,1.4572,2.43449875
96,5.825,73.05,23.541496,0.1165,1.461,2.3541496
97,5.86,73.24,23.956453,0.1172,1.4648,2.3956453
98,5.895,73.43,25.770839,0.1179,1.4686,2.5770839
99,5.93,73.62,24.5813615,0.1186,1.4724,2.45813615
100,5.965,73.81,24.0645315,0.1193,1.4762,2.40645315
101,6,74,26.2001475,0.12,1.48,2.62001475
102,6.035,74.19,25.1244675,0.1207,1.4838,2.51244675
103,6.07,74.38,24.3751435,0.1214,1.4876,2.43751435
104,6.105,74.57,24.33869,0.1221,1.4914,2.433869
105,6.14,74.76,24.518973,0.1228,1.4952,2.4518973
106,6.175,74.95,23.40099,0.1235,1.499,2.340099
107,6.21,75.14,25.020776,0.1242,1.5028,2.5020776
108,6.245,75.33,23.216904,0.1249,1.5066,2.3216904
109,6.28,75.52,24.0941505,0.1256,1.5104,2.40941505
110,6.315,75.71,24.5463625,0.1263,1.5142,2.45463625
111,6.35,75.9,23.8085315,0.127,1.518,2.38085315
112,6.385,76.09,25.522701,0.1277,1.5218,2.5522701
113,6.42,76.28,23.53016,0.1284,1.5256,2.353016
114,6.455,76.47,25.0228805,0.1291,1.5294,2.50228805
115,6.49,76.66,23.164158,0.1298,1.5332,2.3164158
116,6.525,76.85,25.006913,0.1305,1.537,2.5006913
117,6.56,77.04,24.607638,0.1312,1.5408,2.4607638
118,6.595,77.23,24.6105215,0.1319,1.5446,2.46105215
119,6.63,77.42,23.7686695,0.1326,1.5484,2.37686695
120,6.665,77.61,24.667083,0.1333,1.5522,2.4667083
121,6.7,77.8,23.559422,0.134,1.556,2.3559422
122,6.735,77.99,23.952466,0.1347,1.5598,2.3952466
123,6.77,78.18,23.4652595,0.1354,1.5636,2.34652595
124,6.805,78.37,22.685048,0.1361,1.5674,2.2685048
125,6.84,78.56,23.931291,0.1368,1.5712,2.3931291
126,6.875,78.75,24.690595,0.1375,1.575,2.4690595
127,6.91,78.94,24.31878,0.1382,1.5788,2.431878
128,6.945,79.13,22.794312,0.1389,1.5826,2.2794312
129,6.98,79.32,24.9530195,0.1396,1.5864,2.49530195
130,7.015,79.51,24.611975,0.1403,1.5902,2.4611975
131,7.05,79.7,24.512567,0.141,1.594,2.4512567
132,7.085,79.89,24.1477935,0.1417,1.5978,2.41477935
133,7.12,80.08,22.9145805,0.1424,1.6016,2.29145805
134,7.155,80.27,24.2323785,0.1431,1.6054,2.42323785
135,7.19,80.46,24.4772255,0.1438,1.6092,2.44772255
136,7.225,80.65,24.410735,0.1445,1.613,2.4410735
137,7.26,80.84,22.7374035,0.1452,1.6168,2.27374035
138,7.295,81.03,24.8685715,0.1459,1.6206,2.48685715
139,7.33,81.22,24.1519,0.1466,1.6244,2.41519
140,7.365,81.41,23.3969185,0.1473,1.6282,2.33969185
141,7.4,81.6,22.927548,0.148,1.632,2.2927548
142,7.435,81.79,23.7384325,0.1487,1.6358,2.37384325
143,7.47,81.98,22.783228,0.1494,1.6396,2.2783228
144,7.505,82.17,24.2847425,0.1501,1.6434,2.42847425
145,7.54,82.36,24.2179275,0.1508,1.6472,2.42179275
146,7.575,82.55,24.6558405,0.1515,1.651,2.46558405
147,7.61,82.74,23.1662125,0.1522,1.6548,2.31662125
148,7.645,82.93,23.2505515,0.1529,1.6586,2.32505515
149,7.68,83.12,23.623571,0.1536,1.6624,2.3623571
150,7.715,83.31,24.0765715,0.1543,1.6662,2.40765715
151,7.75,83.5,23.523873,0.155,1.67,2.3523873
152,7.785,83.69,24.083456,0.1557,1.6738,2.4083456
153,7.82,83.88,23.821273,0.1564,1.6776,2.3821273
154,7.855,84.07,22.855026,0.1571,1.6814,2.2855026
155,7.89,84.26,22.648744,0.1578,1.6852,2.2648744
156,7.925,84.45,24.2371065,0.1585,1.689,2.42371065
157,7.96,84.64,22.571213,0.1592,1.6928,2.2571213
158,7.995,84.83,24.0701025,0.1599,1.6966,2.40701025
159,8.03,85.02,24.0352435,0.1606,1.7004,2.40352435
160,8.065,85.21,23.352656,0.1613,1.7042,2.3352656
161,8.1,85.4,24.070097,0.162,1.708,2.4070097
162,8.135,85.59,23.7563615,0.1627,1.7118,2.37563615
163,8.17,85.78,23.641744,0.1634,1.7156,2.3641744
164,8.205,85.97,22.979803,0.1641,1.7194,2.2979803
165,8.24,86.16,24.0057375,0.1648,1.7232,2.40057375
166,8.275,86.35,21.951131,0.1655,1.727,2.1951131
167,8.31,86.54,24.16614,0.1662,1.7308,2.416614
168,8.345,86.73,22.913133,0.1669,1.7346,2.2913133
169,8.38,86.92,23.103097,0.1676,1.7384,2.3103097
170,8.415,87.11,24.433928,0.1683,1.7422,2.4433928
171,8.45,87.3,22.8350695,0.169,1.746,2.28350695
172,8.485,87.49,23.5549425,0.1697,1.7498,2.35549425
173,8.52,87.68,24.0362425,0.1704,1.7536,2.40362425
174,8.555,87.87,24.039479,0.1711,1.7574,2.4039479
175,8.59,88.06,23.2036075,0.1718,1.7612,2.32036075
176,8.625,88.25,23.681946,0.1725,1.765,2.3681946
177,8.66,88.44,23.101124,0.1732,1.7688,2.3101124
178,8.695,88.63,24.0178675,0.1739,1.7726,2.40178675
179,8.73,88.82,24.14758,0.1746,1.7764,2.414758
180,8.765,89.01,23.6007375,0.1753,1.7802,2.36007375
181,8.8,89.2,23.56277,0.176,1.784,2.356277
182,8.835,89.39,23.461911,0.1767,1.7878,2.3461911
183,8.87,89.58,23.341242,0.1774,1.7916,2.3341242
184,8.905,89.77,22.9633115,0.1781,1.7954,2.29633115
185,8.94,89.96,24.43515,0.1788,1.7992,2.443515
186,8.975,90.15,22.640524,0.1795,1.803,2.2640524
187,9.01,90.34,23.9457905,0.1802,1.8068,2.39457905
188,9.045,90.53,24.079762,0.1809,1.8106,2.4079762
189,9.08,90.72,22.680722,0.1816,1.8144,2.2680722
190,9.115,90.91,22.757487,0.1823,1.8182,2.2757487
191,9.15,91.1,21.640186,0.183,1.822,2.1640186
192,9.185,91.29,22.943475,0.1837,1.8258,2.2943475
193,9.22,91.48,23.3301645,0.1844,1.8296,2.33301645
194,9.255,91.67,23.398262,0.1851,1.8334,2.3398262
195,9.29,91.86,23.4079695,0.1858,1.8372,2.34079695
196,9.325,92.05,23.7834135,0.1865,1.841,2.37834135
197,9.36,92.24,23.4303575,0.1872,1.8448,2.34303575
198,9.395,92.43,23.172178,0.1879,1.8486,2.3172178
199,9.43,92.62,23.634653,0.1886,1.8524,2.3634653
200,9.465,92.81,21.08023,0.1893,1.8562,2.108023
201,9.5,93,23.631198,0.19,1.86,2.3631198
202,9.535,93.19,22.472438,0.1907,1.8638,2.2472438
203,9.57,93.38,23.102318,0.1914,1.8676,2.3102318
204,9.605,93.57,22.082165,0.1921,1.8714,2.2082165
205,9.64,93.76,22.677898,0.1928,1.8752,2.2677898
206,9.675,93.95,23.698086,0.1935,1.879,2.3698086
207,9.71,94.14,23.6897,0.1942,1.8828,2.36897
208,9.745,94.33,23.2543735,0.1949,1.8866,2.32543735
209,9.78,94.52,22.722083,0.1956,1.8904,2.2722083
210,9.815,94.71,22.5294085,0.1963,1.8942,2.25294085
211,9.85,94.9,23.022263,0.197,1.898,2.3022263
212,9.885,95.09,22.978213,0.1977,1.9018,2.2978213
213,9.92,95.28,22.9735545,0.1984,1.9056,2.29735545
214,9.955,95.47,23.3048345,0.1991,1.9094,2.33048345
215,9.99,95.66,22.854908,0.1998,1.9132,2.2854908
216,10.025,95.85,22.5895165,0.2005,1.917,2.25895165
217,10.06,96.04,22.6499875,0.2012,1.9208,2.26499875
218,10.095,96.23,22.3026995,0.2019,1.9246,2.23026995
219,10.13,96.42,22.8259725,0.2026,1.9284,2.28259725
220,10.165,96.61,22.6837655,0.2033,1.9322,2.26837655
221,10.2,96.8,22.7117905,0.204,1.936,2.27117905
222,10.235,96.99,22.980633,0.2047,1.9398,2.2980633
223,10.27,97.18,22.6755115,0.2054,1.9436,2.26755115
224,10.305,97.37,23.0995805,0.2061,1.9474,2.30995805
225,10.34,97.56,23.0663685,0.2068,1.9512,2.30663685
226,10.375,97.75,23.1831935,0.2075,1.955,2.31831935
227,10.41,97.94,21.6636485,0.2082,1.9588,2.16636485
228,10.445,98.13,23.092783,0.2089,1.9626,2.3092783
229,10.48,98.32,23.170806,0.2096,1.9664,2.3170806
230,10.515,98.51,22.3272145,0.2103,1.9702,2.23272145
231,10.55,98.7,22.8304795,0.211,1.974,2.28304795
232,10.585,98.89,22.8594005,0.2117,1.9778,2.28594005
233,10.62,99.08,24.0827295,0.2124,1.9816,2.40827295
234,10.655,99.27,22.343578,0.2131,1.9854,2.2343578
235,10.69,99.46,22.8200715,0.2138,1.9892,2.28200715
236,10.725,99.65,23.150377,0.2145,1.993,2.3150377
237,10.76,99.84,22.619333,0.2152,1.9968,2.2619333
238,10.795,100.03,22.668346,0.2159,2.0006,2.2668346
239,10.83,100.22,22.964364,0.2166,2.0044,2.2964364
240,10.865,100.41,22.7003545,0.2173,2.0082,2.27003545
241,10.9,100.6,22.0531195,0.218,2.012,2.20531195
242,10.935,100.79,22.988116,0.2187,2.0158,2.2988116
243,10.97,100.98,21.652547,0.2194,2.0196,2.1652547
244,11.005,101.17,22.4406385,0.2201,2.0234,2.24406385
245,11.04,101.36,22.6776725,0.2208,2.0272,2.26776725
246,11.075,101.55,22.2528085,0.2215,2.031,2.22528085
247,11.11,101.74,21.689958,0.2222,2.0348,2.1689958
248,11.145,101.93,22.735058,0.2229,2.0386,2.2735058
249,11.18,102.12,20.909529,0.2236,2.0424,2.0909529
250,11.215,102.31,22.440769,0.2243,2.0462,2.2440769
251,11.25,102.5,22.569213,0.225,2.05,2.2569213
252,11.285,102.69,22.7788275,0.2257,2.0538,2.27788275
253,11.32,102.88,22.6114865,0.2264,2.0576,2.26114865
254,11.355,103.07,22.548338,0.2271,2.0614,2.2548338
255,11.39,103.26,22.390235,0.2278,2.0652,2.2390235
256,11.425,103.45,22.086511,0.2285,2.069,2.2086511
257,11.46,103.64,22.7120845,0.2292,2.0728,2.27120845
258,11.495,103.83,22.645,0.2299,2.0766,2.2645
259,11.53,104.02,22.887536,0.2306,2.0804,2.2887536
260,11.565,104.21,22.4366825,0.2313,2.0842,2.24366825
261,11.6,104.4,22.723174,0.232,2.088,2.2723174
262,11.635,104.59,22.4748635,0.2327,2.0918,2.24748635
263,11.67,104.78,22.510018,0.2334,2.0956,2.2510018
264,11.705,104.97,22.1409395,0.2341,2.0994,2.21409395
265,11.74,105.16,22.456201,0.2348,2.1032,2.2456201
266,11.775,105.35,22.5615285,0.2355,2.107,2.25615285
267,11.81,105.54,22.3371775,0.2362,2.1108,2.23371775
268,11.845,105.73,22.2354375,0.2369,2.1146,2.22354375
269,11.88,105.92,22.229569,0.2376,2.1184,2.2229569
270,11.915,106.11,22.4477435,0.2383,2.1222,2.24477435
271,11.95,106.3,22.304739,0.239,2.126,2.2304739
272,11.985,106.49,22.5208505,0.2397,2.1298,2.25208505
273,12.02,106.68,21.9675565,0.2404,2.1336,2.19675565
274,12.055,106.87,22.2960695,0.2411,2.1374,2.22960695
275,12.09,107.06,22.8480335,0.2418,2.1412,2.28480335
276,12.125,107.25,22.2311055,0.2425,2.145,2.22311055
277,12.16,107.44,22.1865805,0.2432,2.1488,2.21865805
278,12.195,107.63,22.1846805,0.2439,2.1526,2.21846805
279,12.23,107.82,22.223857,0.2446,2.1564,2.2223857
280,12.265,108.01,21.974521,0.2453,2.1602,2.1974521
281,12.3,108.2,22.5408045,0.246,2.164,2.25408045
282,12.335,108.39,22.4330505,0.2467,2.1678,2.24330505
283,12.37,108.58,20.7604245,0.2474,2.1716,2.07604245
284,12.405,108.77,21.8671145,0.2481,2.1754,2.18671145
285,12.44,108.96,22.3163935,0.2488,2.1792,2.23163935
286,12.475,109.15,21.8852555,0.2495,2.183,2.18852555
287,12.51,109.34,21.7056175,0.2502,2.1868,2.17056175
288,12.545,109.53,22.103685,0.2509,2.1906,2.2103685
289,12.58,109.72,22.1714185,0.2516,2.1944,2.21714185
290,12.615,109.91,21.8561495,0.2523,2.1982,2.18561495
291,12.65,110.1,22.1664555,0.253,2.202,2.21664555
292,12.685,110.29,21.482778,0.2537,2.2058,2.1482778
293,12.72,110.48,21.738655,0.2544,2.2096,2.1738655
294,12.755,110.67,21.892489,0.2551,2.2134,2.1892489
295,12.79,110.86,21.732761,0.2558,2.2172,2.1732761
296,12.825,111.05,21.596825,0.2565,2.221,2.1596825
297,12.86,111.24,22.042389,0.2572,2.2248,2.2042389
298,12.895,111.43,21.771529,0.2579,2.2286,2.1771529
299,12.93,111.62,21.9790775,0.2586,2.2324,2.19790775
300,12.965,111.81,21.682839,0.2593,2.2362,2.1682839
301,13,112,21.39663,0.26,2.24,2.139663
302,13.035,112.19,21.5658725,0.2607,2.2438,2.15658725
303,13.07,112.38,21.48367,0.2614,2.2476,2.148367
304,13.105,112.57,21.937437,0.2621,2.2514,2.1937437
305,13.14,112.76,21.630251,0.2628,2.2552,2.1630251
306,13.175,112.95,21.891152,0.2635,2.259,2.1891152
307,13.21,113.14,21.841527,0.2642,2.2628,2.1841527
308,13.245,113.33,21.899605,0.2649,2.2666,2.1899605
309,13.28,113.52,21.6506375,0.2656,2.2704,2.16506375
310,13.315,113.71,20.732516,0.2663,2.2742,2.0732516
311,13.35,113.9,22.00791,0.267,2.278,2.200791
312,13.385,114.09,21.9665215,0.2677,2.2818,2.19665215
313,13.42,114.28,21.372497,0.2684,2.2856,2.1372497
314,13.455,114.47,21.720869,0.2691,2.2894,2.1720869
315,13.49,114.66,21.63781,0.2698,2.2932,2.163781
316,13.525,114.85,21.9190005,0.2705,2.297,2.19190005
317,13.56,115.04,21.5492145,0.2712,2.3008,2.15492145
318,13.595,115.23,21.3761,0.2719,2.3046,2.13761
319,13.63,115.42,21.7743845,0.2726,2.3084,2.17743845
320,13.665,115.61,21.548621,0.2733,2.3122,2.1548621
321,13.7,115.8,21.6303145,0.274,2.316,2.16303145
322,13.735,115.99,21.7828465,0.2747,2.3198,2.17828465
323,13.77,116.18,21.5680545,0.2754,2.3236,2.15680545
324,13.805,116.37,21.3839365,0.2761,2.3274,2.13839365
325,13.84,116.56,21.386253,0.2768,2.3312,2.1386253
326,13.875,116.75,21.361914,0.2775,2.335,2.1361914
327,13.91,116.94,21.3808155,0.2782,2.3388,2.13808155
328,13.945,117.13,21.7441065,0.2789,2.3426,2.17441065
329,13.98,117.32,21.418046,0.2796,2.3464,2.1418046
330,14.015,117.51,21.6349685,0.2803,2.3502,2.16349685
331,14.05,117.7,18.966685,0.281,2.354,1.8966685
332,14.085,117.89,21.2916015,0.2817,2.3578,2.12916015
333,14.12,118.08,21.5483815,0.2824,2.3616,2.15483815
334,14.155,118.27,21.7377705,0.2831,2.3654,2.17377705
335,14.19,118.46,21.8047295,0.2838,2.3692,2.18047295
336,14.225,118.65,21.4136515,0.2845,2.373,2.14136515
337,14.26,118.84,21.491605,0.2852,2.3768,2.1491605
338,14.295,119.03,21.6313,0.2859,2.3806,2.16313
339,14.33,119.22,21.2729385,0.2866,2.3844,2.12729385
340,14.365,119.41,21.634566,0.2873,2.3882,2.1634566
341,14.4,119.6,21.380112,0.288,2.392,2.1380112
342,14.435,119.79,21.236239,0.2887,2.3958,2.1236239
343,14.47,119.98,21.2933505,0.2894,2.3996,2.12933505
344,14.505,120.17,21.2953065,0.2901,2.4034,2.12953065
345,14.54,120.36,20.9272955,0.2908,2.4072,2.09272955
346,14.575,120.55,21.5561265,0.2915,2.411,2.15561265
347,14.61,120.74,21.5999805,0.2922,2.4148,2.15999805
348,14.645,120.93,21.475966,0.2929,2.4186,2.1475966
349,14.68,121.12,21.0620525,0.2936,2.4224,2.10620525
350,14.715,121.31,21.1905835,0.2943,2.4262,2.11905835
351,14.75,121.5,21.3412455,0.295,2.43,2.13412455
352,14.785,121.69,21.1407025,0.2957,2.4338,2.11407025
353,14.82,121.88,20.687284,0.2964,2.4376,2.0687284
354,14.855,122.07,21.459299,0.2971,2.4414,2.1459299
355,14.89,122.26,21.19083,0.2978,2.4452,2.119083
356,14.925,122.45,21.3857685,0.2985,2.449,2.13857685
357,14.96,122.64,21.5041255,0.2992,2.4528,2.15041255
358,14.995,122.83,21.284393,0.2999,2.4566,2.1284393
359,15.03,123.02,21.1840015,0.3006,2.4604,2.11840015
360,15.065,123.21,21.3493935,0.3013,2.4642,2.13493935
361,15.1,123.4,21.294755,0.302,2.468,2.1294755
362,15.135,123.59,21.1366495,0.3027,2.4718,2.11366495
363,15.17,123.78,21.109393,0.3034,2.4756,2.1109393
364,15.205,123.97,21.086701,0.3041,2.4794,2.1086701
365,15.24,124.16,20.942274,0.3048,2.4832,2.0942274
366,15.275,124.35,21.288677,0.3055,2.487,2.1288677
367,15.31,124.54,21.1380765,0.3062,2.4908,2.11380765
368,15.345,124.73,21.160634,0.3069,2.4946,2.1160634
369,15.38,124.92,21.1298665,0.3076,2.4984,2.11298665
370,15.415,125.11,21.0509985,0.3083,2.5022,2.10509985
371,15.45,125.3,21.089611,0.309,2.506,2.1089611
372,15.485,125.49,21.32367,0.3097,2.5098,2.132367
373,15.52,125.68,21.227114,0.3104,2.5136,2.1227114
374,15.555,125.87,20.8957345,0.3111,2.5174,2.08957345
375,15.59,126.06,21.333315,0.3118,2.5212,2.1333315
376,15.625,126.25,20.9119945,0.3125,2.525,2.09119945
377,15.66,126.44,21.0584475,0.3132,2.5288,2.10584475
378,15.695,126.63,21.1405335,0.3139,2.5326,2.11405335
379,15.73,126.82,21.046497,0.3146,2.5364,2.1046497
380,15.765,127.01,21.062713,0.3153,2.5402,2.1062713
381,15.8,127.2,20.8324845,0.316,2.544,2.08324845
382,15.835,127.39,21.014663,0.3167,2.5478,2.1014663
383,15.87,127.58,21.0465425,0.3174,2.5516,2.10465425
384,15.905,127.77,20.8215255,0.3181,2.5554,2.08215255
385,15.94,127.96,21.077625,0.3188,2.5592,2.1077625
386,15.975,128.15,20.807005,0.3195,2.563,2.0807005
387,16.01,128.34,20.7479435,0.3202,2.5668,2.07479435
388,16.045,128.53,20.88205,0.3209,2.5706,2.088205
389,16.08,128.72,20.8531965,0.3216,2.5744,2.08531965
390,16.115,128.91,21.02352025,0.3223,2.5782,2.102352025
391,16.15,129.1,20.725953,0.323,2.582,2.0725953
392,16.185,129.29,20.8050855,0.3237,2.5858,2.08050855
393,16.22,129.48,20.464832,0.3244,2.5896,2.0464832
394,16.255,129.67,20.7486355,0.3251,2.5934,2.07486355
395,16.29,129.86,20.7932825,0.3258,2.5972,2.07932825
396,16.325,130.05,20.852585,0.3265,2.601,2.0852585
397,16.36,130.24,20.88376,0.3272,2.6048,2.088376
398,16.395,130.43,21.252867,0.3279,2.6086,2.1252867
399,16.43,130.62,20.822184,0.3286,2.6124,2.0822184
400,16.465,130.81,19.9826055,0.3293,2.6162,1.99826055
401,16.5,131,20.7505675,0.33,2.62,2.07505675
402,16.535,131.19,20.752675,0.3307,2.6238,2.0752675
403,16.57,131.38,20.664841,0.3314,2.6276,2.0664841
404,16.605,131.57,20.566906,0.3321,2.6314,2.0566906
405,16.64,131.76,21.6676835,0.3328,2.6352,2.16676835
406,16.675,131.95,20.6205615,0.3335,2.639,2.06205615
407,16.71,132.14,20.5740445,0.3342,2.6428,2.05740445
408,16.745,132.33,20.6861865,0.3349,2.6466,2.06861865
409,16.78,132.52,20.715316,0.3356,2.6504,2.0715316
410,16.815,132.71,20.764328,0.3363,2.6542,2.0764328
411,16.85,132.9,20.5660225,0.337,2.658,2.05660225
412,16.885,133.09,20.5874155,0.3377,2.6618,2.05874155
413,16.92,133.28,20.7288405,0.3384,2.6656,2.07288405
414,16.955,133.47,20.6291265,0.3391,2.6694,2.06291265
415,16.99,133.66,20.569545,0.3398,2.6732,2.0569545
416,17.025,133.85,20.634597,0.3405,2.677,2.0634597
417,17.06,134.04,20.698177,0.3412,2.6808,2.0698177
418,17.095,134.23,20.578795,0.3419,2.6846,2.0578795
419,17.13,134.42,20.421332,0.3426,2.6884,2.0421332
420,17.165,134.61,20.642626,0.3433,2.6922,2.0642626
421,17.2,134.8,20.529864,0.344,2.696,2.0529864
422,17.235,134.99,20.644793,0.3447,2.6998,2.0644793
423,17.27,135.18,20.6916575,0.3454,2.7036,2.06916575
424,17.305,135.37,20.605924,0.3461,2.7074,2.0605924
425,17.34,135.56,20.5812855,0.3468,2.7112,2.05812855
426,17.375,135.75,20.521944,0.3475,2.715,2.0521944
427,17.41,135.94,20.700098,0.3482,2.7188,2.0700098
428,17.445,136.13,20.635496,0.3489,2.7226,2.0635496
429,17.48,136.32,20.7352945,0.3496,2.7264,2.07352945
430,17.515,136.51,20.376958,0.3503,2.7302,2.0376958
431,17.55,136.7,20.430617,0.351,2.734,2.0430617
432,17.585,136.89,20.3848145,0.3517,2.7378,2.03848145
433,17.62,137.08,20.263721,0.3524,2.7416,2.0263721
434,17.655,137.27,20.522034,0.3531,2.7454,2.0522034
435,17.69,137.46,20.372994,0.3538,2.7492,2.0372994
436,17.725,137.65,20.524921,0.3545,2.753,2.0524921
437,17.76,137.84,20.4226145,0.3552,2.7568,2.04226145
438,17.795,138.03,20.399185,0.3559,2.7606,2.0399185
439,17.83,138.22,21.12228933,0.3566,2.7644,2.112228933
440,17.865,138.41,20.4589445,0.3573,2.7682,2.04589445
441,17.9,138.6,20.478872,0.358,2.772,2.0478872
442,17.935,138.79,20.524413,0.3587,2.7758,2.0524413
443,17.97,138.98,20.2308915,0.3594,2.7796,2.02308915
444,18.005,139.17,20.7611075,0.3601,2.7834,2.07611075
445,18.04,139.36,20.434945,0.3608,2.7872,2.0434945
446,18.075,139.55,20.6501265,0.3615,2.791,2.06501265
447,18.11,139.74,20.4488765,0.3622,2.7948,2.04488765
448,18.145,139.93,20.606276,0.3629,2.7986,2.0606276
449,18.18,140.12,20.401806,0.3636,2.8024,2.0401806
450,18.215,140.31,20.224168,0.3643,2.8062,2.0224168
451,18.25,140.5,20.3882835,0.365,2.81,2.03882835
452,18.285,140.69,20.318621,0.3657,2.8138,2.0318621
453,18.32,140.88,20.335974,0.3664,2.8176,2.0335974
454,18.355,141.07,20.3372835,0.3671,2.8214,2.03372835
455,18.39,141.26,20.172479,0.3678,2.8252,2.0172479
456,18.425,141.45,20.420022,0.3685,2.829,2.0420022
457,18.46,141.64,20.418699,0.3692,2.8328,2.0418699
458,18.495,141.83,20.3222885,0.3699,2.8366,2.03222885
459,18.53,142.02,20.258366,0.3706,2.8404,2.0258366
460,18.565,142.21,20.3469365,0.3713,2.8442,2.03469365
461,18.6,142.4,20.265163,0.372,2.848,2.0265163
462,18.635,142.59,20.378409,0.3727,2.8518,2.0378409
463,18.67,142.78,19.9306555,0.3734,2.8556,1.99306555
464,18.705,142.97,20.087257,0.3741,2.8594,2.0087257
465,18.74,143.16,20.36462,0.3748,2.8632,2.036462
466,18.775,143.35,20.1372225,0.3755,2.867,2.01372225
467,18.81,143.54,20.40007,0.3762,2.8708,2.040007
468,18.845,143.73,20.2943355,0.3769,2.8746,2.02943355
469,18.88,143.92,20.2447595,0.3776,2.8784,2.02447595
470,18.915,144.11,20.1676365,0.3783,2.8822,2.01676365
471,18.95,144.3,20.2141735,0.379,2.886,2.02141735
472,18.985,144.49,20.263827,0.3797,2.8898,2.0263827
473,19.02,144.68,20.1238695,0.3804,2.8936,2.01238695
474,19.055,144.87,20.020952,0.3811,2.8974,2.0020952
475,19.09,145.06,20.2696135,0.3818,2.9012,2.02696135
476,19.125,145.25,20.288056,0.3825,2.905,2.0288056
477,19.16,145.44,20.156246,0.3832,2.9088,2.0156246
478,19.195,145.63,20.153298,0.3839,2.9126,2.0153298
479,19.23,145.82,20.1395005,0.3846,2.9164,2.01395005
480,19.265,146.01,20.1042535,0.3853,2.9202,2.01042535
481,19.3,146.2,20.074093,0.386,2.924,2.0074093
482,19.335,146.39,20.0544795,0.3867,2.9278,2.00544795
483,19.37,146.58,20.0215695,0.3874,2.9316,2.00215695
484,19.405,146.77,20.135926,0.3881,2.9354,2.0135926
485,19.44,146.96,20.050926,0.3888,2.9392,2.0050926
486,19.475,147.15,19.9697415,0.3895,2.943,1.99697415
487,19.51,147.34,20.107667,0.3902,2.9468,2.0107667
488,19.545,147.53,19.96495,0.3909,2.9506,1.996495
489,19.58,147.72,19.975881,0.3916,2.9544,1.9975881
490,19.615,147.91,19.9992015,0.3923,2.9582,1.99992015
491,19.65,148.1,20.01083825,0.393,2.962,2.001083825
492,19.685,148.29,19.7946035,0.3937,2.9658,1.97946035
493,19.72,148.48,19.6555385,0.3944,2.9696,1.96555385
494,19.755,148.67,19.8733025,0.3951,2.9734,1.98733025
495,19.79,148.86,20.054883,0.3958,2.9772,2.0054883
496,19.825,149.05,19.902394,0.3965,2.981,1.9902394
497,19.86,149.24,19.9272025,0.3972,2.9848,1.99272025
498,19.895,149.43,19.85212,0.3979,2.9886,1.985212
499,19.93,149.62,19.837246,0.3986,2.9924,1.9837246
500,19.965,149.81,19.9160765,0.3993,2.9962,1.99160765
501,20,150,19.9091255,0.4,3,1.99091255
